{
  "baseline": {
    "miou": 0.01882103440445835,
    "accuracy": 0.07412982516818577,
    "f1": 0.03393627376385818,
    "iou_class_0": 0.12024330650272497,
    "iou_class_1": 0.0,
    "iou_class_2": 0.0,
    "iou_class_3": 0.0,
    "iou_class_4": 0.0,
    "iou_class_5": 0.00106173410212513,
    "iou_class_6": 0.007285443213641394,
    "iou_class_7": 0.003156757012716956
  },
  "with_clip": {
    "miou": 0.06509154716501307,
    "accuracy": 0.20519930521647137,
    "f1": 0.11329588409028934,
    "iou_class_0": 0.21621851646869625,
    "iou_class_1": 0.0,
    "iou_class_2": 0.0,
    "iou_class_3": 0.0,
    "iou_class_4": 0.0,
    "iou_class_5": 0.13015073786147077,
    "iou_class_6": 0.057769442061027354,
    "iou_class_7": 0.05150213376389719
  },
  "with_diffusion": {
    "miou": 0.044365261023389106,
    "accuracy": 0.15073401133219402,
    "f1": 0.07911410010589813,
    "iou_class_0": 0.12210753033369691,
    "iou_class_1": 0.0,
    "iou_class_2": 0.0,
    "iou_class_3": 0.0,
    "iou_class_4": 0.0,
    "iou_class_5": 0.1321427508292056,
    "iou_class_6": 0.011813970091644681,
    "iou_class_7": 0.00012731488578741722
  },
  "full": {
    "miou": 0.06997522097501532,
    "accuracy": 0.22603238423665364,
    "f1": 0.11752236041755337,
    "iou_class_0": 0.24313898251782715,
    "iou_class_1": 0.0,
    "iou_class_2": 0.0,
    "iou_class_3": 0.0,
    "iou_class_4": 0.0,
    "iou_class_5": 0.18348104629806292,
    "iou_class_6": 0.04915975839449962,
    "iou_class_7": 0.014046759614717592
  }
}