{
  "miou": 0.05101290114210468,
  "accuracy": 0.17988975375306374,
  "f1": 0.03949854116786375,
  "iou_class_0": 0.1916945356323969,
  "iou_class_1": 0.0,
  "iou_class_2": 2.3358265667304615e-06,
  "iou_class_3": 0.0,
  "iou_class_4": 0.0,
  "iou_class_5": 0.0,
  "iou_class_6": 0.0,
  "iou_class_7": 5.151292901370884e-05
}