{
  "miou": 0.06997522097501532,
  "accuracy": 0.22603238423665364,
  "f1": 0.11752236041755337,
  "iou_class_0": 0.24313898251782715,
  "iou_class_1": 0.0,
  "iou_class_2": 0.0,
  "iou_class_3": 0.0,
  "iou_class_4": 0.0,
  "iou_class_5": 0.18348104629806292,
  "iou_class_6": 0.04915975839449962,
  "iou_class_7": 0.014046759614717592
}